Character	BAP1	BAP2	BAP3	BAP4	BAP5
Goku (Cartoon) #1022	50.5	45.0	22.9	90.2	96.7
Steve Jobs (Tech) #6782	87.6	46.3	62.2	84.7	77.6
Gandhi (Politicians) #3519	65.1	44.0	60.5	50.7	73.8
Anubis (Mythical) #2711	75.1	78.5	25.8	39.0	47.0
Linus Torvalds (Tech) #5309	53.6	99.9	22.7	24.0	64.0
Putin (Politicians) #1046	88.4	38.1	59.1	70.0	51.7
Newton (Scientists) #6958	84.4	82.0	79.3	98.0	51.3
Harry Potter (Fictional) #6259	46.4	94.2	64.4	74.4	97.0
Harry Potter (Fictional) #9073	53.0	83.0	57.6	99.6	29.6
Zendaya (Celebrities) #6759	88.9	65.1	81.2	77.2	60.2
Rick (Cartoon) #7758	88.1	69.8	30.3	77.6	27.5
Amr Diab (Arab Public) #5844	82.2	67.0	13.7	60.8	34.9
Goku (Cartoon) #9589	54.9	90.8	17.8	35.7	93.7
Athena (Mythical) #2262	94.7	66.6	12.3	65.9	52.9
Goku (Cartoon) #6365	59.2	61.2	59.4	62.0	43.4
Amr Diab (Arab Public) #5148	85.4	42.3	26.3	62.4	35.4
Zendaya (Celebrities) #5304	70.1	48.3	45.0	20.3	32.9
Yousra (Arab Public) #8506	90.3	91.9	19.1	42.8	43.0
Zeus (Mythical) #7582	84.2	78.4	24.3	75.4	68.4
Elsa (Cartoon) #519	86.5	89.4	47.9	73.7	60.3
Jon Snow (Fictional) #9689	69.7	95.7	17.2	88.1	69.0
Joe Biden (Politicians) #309	36.1	33.9	31.3	57.0	51.1
Bill Gates (Tech) #3923	86.5	31.4	79.1	86.8	62.9
Bill Gates (Tech) #6114	83.4	84.4	85.3	75.9	30.5
Ada Lovelace (Scientists) #8841	77.9	55.5	46.5	25.5	57.6
Cristiano Ronaldo (Celebrities) #3882	40.9	49.1	81.6	69.5	98.3
Batman (Cartoon) #6500	74.5	88.6	52.3	57.7	80.4
Steve Jobs (Tech) #7628	32.7	63.9	34.9	72.8	64.1
Rick (Cartoon) #7974	79.5	55.9	13.7	55.7	34.4
Gandalf (Fictional) #3937	88.3	60.4	30.1	35.3	90.1
Jon Snow (Fictional) #3741	70.9	39.7	52.7	52.0	26.4
Angela Merkel (Politicians) #1432	42.1	68.7	22.1	58.3	91.2
Hawking (Scientists) #9748	61.2	65.3	85.6	60.0	40.3
Zeus (Mythical) #1834	98.1	69.4	18.2	72.9	76.5
Joe Biden (Politicians) #8882	54.1	98.9	61.6	71.1	41.4
Zuckerberg (Tech) #3283	57.5	62.6	23.2	25.8	41.4
Newton (Scientists) #8731	41.5	34.1	44.1	32.4	54.5
SpongeBob (Cartoon) #5185	31.6	86.0	65.7	55.8	80.6
Tom (Cartoon) #713	46.5	33.9	45.9	96.1	34.7
Cristiano Ronaldo (Celebrities) #2010	96.8	58.5	34.6	89.5	36.5
Marie Curie (Scientists) #4635	89.9	90.8	71.1	88.0	85.1
Dora (Cartoon) #4731	44.4	81.1	86.4	78.7	83.4
Einstein (Scientists) #9970	79.6	76.0	12.9	25.3	67.5
Bill Gates (Tech) #8665	93.3	92.1	55.6	74.9	27.7
Gandhi (Politicians) #9542	44.7	90.7	85.2	29.8	56.2
Cristiano Ronaldo (Celebrities) #7407	75.8	44.3	81.0	97.5	41.9
Mohamed Ramadan (Arab Public) #2072	91.0	56.0	65.3	32.8	97.8
Athena (Mythical) #24	99.8	48.1	35.5	95.6	44.8
SpongeBob (Cartoon) #2887	93.6	64.7	78.2	80.7	61.6
Messi (Celebrities) #5839	41.0	78.7	10.3	56.7	38.3
MrBeast (YouTubers) #9205	40.6	54.7	28.0	43.7	81.1
Anubis (Mythical) #9654	77.2	35.9	65.2	83.1	54.7
Batman (Cartoon) #1131	45.3	35.6	26.5	29.8	72.5
Zeus (Mythical) #9173	32.5	95.8	38.4	50.4	51.8
Asser Yassin (Arab Public) #9135	60.7	46.9	23.2	58.1	36.5
Yousra (Arab Public) #2043	97.2	63.4	73.0	51.0	34.1
Tesla (Scientists) #4319	54.3	61.9	83.9	86.4	87.3
Einstein (Scientists) #8834	89.7	54.6	26.1	64.3	90.8
Steve Jobs (Tech) #908	81.6	71.9	30.5	46.9	29.1
Johnny Depp (Actors) #4124	32.2	55.3	32.3	24.1	44.2
Gandhi (Politicians) #9543	66.6	92.3	71.5	86.5	99.3
Messi (Celebrities) #1161	63.8	80.8	73.6	99.9	66.2
Yousra (Arab Public) #4791	38.8	82.0	76.0	39.5	96.6
Newton (Scientists) #6881	57.7	80.8	60.5	76.8	38.2
Angela Merkel (Politicians) #5401	83.1	32.6	13.9	63.3	66.5
Mo Salah (Celebrities) #7610	83.2	66.9	36.5	76.6	33.3
Yousra (Arab Public) #4757	38.6	58.3	15.7	91.5	25.7
Emma Watson (Celebrities) #2418	38.0	82.4	12.4	56.3	64.6
Amr Diab (Arab Public) #3872	70.8	44.9	87.7	34.1	95.4
Will Smith (Celebrities) #7898	38.5	89.9	53.0	40.5	76.9
Dream (YouTubers) #2356	92.6	71.0	85.7	40.5	73.3
Zendaya (Celebrities) #2704	65.4	44.1	88.4	93.6	87.6
Ra (Mythical) #2847	30.4	85.5	33.6	33.0	91.5
Ada Lovelace (Scientists) #2386	34.4	97.0	75.5	96.5	54.3
Ben 10 (Cartoon) #2035	60.2	89.0	89.2	26.5	27.9
Thor (Mythical) #8046	42.6	89.1	76.8	55.8	41.0
Ahmed Helmy (Arab Public) #9953	57.2	59.7	80.6	83.9	80.9
Ahmed Helmy (Arab Public) #3236	39.1	91.0	79.8	28.2	66.8
Cristiano Ronaldo (Celebrities) #7537	53.3	62.1	33.3	72.7	33.7
Galileo (Scientists) #7086	41.5	71.4	34.3	59.5	72.5
Naruto (Cartoon) #1855	70.2	63.4	24.7	36.1	70.0
Steve Jobs (Tech) #2425	64.4	38.5	76.3	87.1	91.1
Mo Salah (Celebrities) #5230	30.3	78.4	27.4	63.0	93.6
Johnny Depp (Actors) #1199	89.5	49.4	54.8	92.9	79.7
Dracula (Fictional) #6141	93.0	75.3	29.4	77.9	45.7
Putin (Politicians) #220	96.4	80.9	88.9	38.1	83.1
Zeus (Mythical) #8845	81.9	70.2	71.8	76.7	79.6
Dream (YouTubers) #6687	35.6	76.2	42.1	22.9	73.5
Denzel Washington (Actors) #9802	58.6	75.7	76.6	91.6	44.7
SpongeBob (Cartoon) #7103	65.0	81.4	25.6	52.8	79.5
Jon Snow (Fictional) #3427	32.4	54.1	87.0	72.3	53.9
Ahmed Helmy (Arab Public) #1217	67.1	83.9	40.8	45.2	88.4
Elon Musk (Tech) #6317	73.6	85.7	45.0	61.8	51.7
Thor (Mythical) #7004	78.3	98.1	43.4	53.1	46.1
Frodo Baggins (Fictional) #6150	34.1	35.7	15.9	86.0	48.8
Batman (Cartoon) #1484	83.6	63.2	62.3	46.0	73.2
Bill Gates (Tech) #9291	92.8	52.4	86.0	84.0	57.3
Mo Salah (Celebrities) #6388	37.0	85.9	78.6	63.6	76.9
Naruto (Cartoon) #5083	31.9	69.1	80.2	70.2	42.2
Obama (Politicians) #9960	81.3	97.2	71.2	26.6	37.3
Hercules (Mythical) #3983	31.0	60.1	66.8	22.4	68.9
Hawking (Scientists) #9543	37.1	66.8	38.3	33.2	57.8
SpongeBob (Cartoon) #233	98.5	69.2	70.7	79.1	74.8
Zendaya (Celebrities) #325	66.9	64.5	32.8	40.6	47.2
Denzel Washington (Actors) #8507	80.3	58.9	27.8	28.3	34.0
Gandalf (Fictional) #9722	88.6	32.3	14.3	82.0	45.5
Rick (Cartoon) #5249	74.8	57.7	10.5	96.6	65.8
Angela Merkel (Politicians) #4957	45.5	79.6	30.2	41.9	29.3
Ra (Mythical) #7304	33.1	42.2	85.7	43.3	53.1
MrBeast (YouTubers) #4855	62.7	41.8	18.5	51.9	71.4
Zuckerberg (Tech) #9679	65.3	92.7	37.1	86.5	28.6
Tom Hanks (Actors) #3594	81.0	96.2	27.1	67.2	38.1
Brad Pitt (Actors) #6338	58.5	64.4	51.3	27.7	79.4
Sherlock Holmes (Fictional) #7451	70.3	73.1	37.2	72.2	43.1
Dina El Sherbiny (Arab Public) #9773	54.4	97.7	35.3	90.3	92.9
Joe Biden (Politicians) #2109	55.8	78.8	36.4	45.2	82.4
Spock (Fictional) #8878	38.0	41.6	23.3	84.7	73.9
Tesla (Scientists) #3641	51.9	39.9	66.5	52.7	50.5
Johnny Depp (Actors) #1392	93.0	38.4	73.7	88.4	59.0
Thor (Mythical) #6952	71.3	97.7	41.0	98.0	64.1
Dina El Sherbiny (Arab Public) #6412	82.2	64.4	21.7	45.8	91.2
Joe Biden (Politicians) #25	84.9	72.9	53.7	34.9	65.5
Hercules (Mythical) #8421	75.6	32.4	73.4	90.7	97.7
Batman (Cartoon) #6554	80.8	65.4	40.9	99.6	80.3
Marie Curie (Scientists) #5642	76.8	34.2	25.0	30.2	82.8
Dracula (Fictional) #6743	43.2	76.8	79.2	79.6	56.9
Yousra (Arab Public) #5714	50.7	58.7	35.3	42.0	40.9
Anubis (Mythical) #8196	40.6	75.0	59.6	32.4	93.2
Nelson Mandela (Politicians) #4170	33.5	33.6	47.0	62.6	37.7
Brad Pitt (Actors) #8273	80.0	41.5	35.6	55.2	71.7
Johnny Depp (Actors) #4683	39.3	89.3	51.8	83.9	84.7
Lilly Singh (YouTubers) #4113	86.3	89.2	57.8	22.5	82.9
Thor (Mythical) #6247	51.1	33.4	39.8	28.5	97.1
Naruto (Cartoon) #7726	53.0	59.1	70.3	83.2	27.1
Leonardo DiCaprio (Actors) #3441	43.8	84.7	49.0	82.8	34.6
Nelson Mandela (Politicians) #8996	85.2	59.1	65.6	73.3	90.7
Batman (Cartoon) #4082	33.6	56.1	48.2	49.5	94.5
Angela Merkel (Politicians) #7693	46.7	37.1	89.8	93.1	25.4
Spock (Fictional) #4339	40.6	91.2	72.6	32.0	74.0
Goku (Cartoon) #705	36.8	74.1	45.4	49.6	67.9
Mohamed Ramadan (Arab Public) #8564	85.2	53.2	30.3	41.8	96.8
Spock (Fictional) #1958	87.4	96.1	73.7	55.1	96.6
Marie Curie (Scientists) #8319	86.3	99.0	69.5	73.9	89.8
Anubis (Mythical) #9704	79.1	92.0	11.1	63.2	55.0
Tom (Cartoon) #2653	60.2	43.2	69.1	93.6	47.3
Linus Torvalds (Tech) #292	75.8	87.3	44.9	80.4	25.3
Ben 10 (Cartoon) #7109	72.0	93.8	64.1	83.6	39.8
Putin (Politicians) #2231	47.7	66.1	48.5	48.2	48.3
Ahmed Helmy (Arab Public) #421	30.1	76.2	75.8	72.3	31.1
Taylor Swift (Celebrities) #1067	98.9	96.3	31.7	68.1	76.6
Messi (Celebrities) #5651	98.3	63.2	64.5	33.4	38.6
MrBeast (YouTubers) #5336	35.6	61.4	63.5	21.7	57.4
Johnny Depp (Actors) #6600	42.9	55.9	54.8	71.8	87.1
Angela Merkel (Politicians) #885	83.0	89.7	70.8	84.4	37.4
Tesla (Scientists) #105	86.3	64.6	74.9	97.9	35.7
Gandhi (Politicians) #6938	75.1	71.1	80.4	69.1	91.3
Mohamed Ramadan (Arab Public) #3016	73.1	99.4	73.4	22.9	74.2
Meryl Streep (Actors) #6761	84.3	88.7	66.0	89.1	68.5
Taylor Swift (Celebrities) #5341	60.1	63.9	50.0	97.0	72.9
Galileo (Scientists) #1547	64.2	44.3	68.6	65.1	63.9
Elsa (Cartoon) #601	49.7	84.4	59.3	66.5	60.7
Einstein (Scientists) #3233	38.9	36.6	76.1	56.9	77.0
Einstein (Scientists) #1989	36.7	31.1	26.2	35.3	94.4
Zuckerberg (Tech) #8416	97.4	65.7	47.0	70.9	97.8
Brad Pitt (Actors) #4603	48.4	44.2	58.3	43.7	92.3
Dora (Cartoon) #2422	73.6	96.3	87.5	80.9	80.4
Tesla (Scientists) #6826	81.2	94.2	75.7	36.9	71.7
Johnny Depp (Actors) #6356	91.5	47.9	14.9	64.8	58.6
MrBeast (YouTubers) #392	49.3	91.3	70.2	23.4	64.1
Brad Pitt (Actors) #4061	59.4	80.4	49.1	86.8	54.3
Marie Curie (Scientists) #569	54.0	81.0	24.5	23.7	59.2
MrBeast (YouTubers) #9077	42.5	79.3	64.0	73.7	68.3
Athena (Mythical) #8908	98.1	84.5	10.5	82.0	52.4
Einstein (Scientists) #6260	51.9	32.0	81.1	76.5	52.6
Bill Gates (Tech) #3174	72.4	42.2	14.8	63.5	53.9
Leonardo DiCaprio (Actors) #2479	92.6	65.8	59.0	33.4	45.4
Meryl Streep (Actors) #363	74.7	45.1	69.7	64.1	50.8
Batman (Cartoon) #6513	97.1	31.4	78.6	92.3	91.3
Anubis (Mythical) #1137	34.4	45.1	42.9	26.9	77.9
PewDiePie (YouTubers) #2898	43.5	54.1	25.7	47.1	88.4
Ra (Mythical) #8011	87.3	86.8	26.4	66.0	77.9
Anubis (Mythical) #659	63.0	80.9	20.9	94.8	93.7
Elon Musk (Tech) #6500	52.1	39.7	82.2	70.6	55.8
Mo Salah (Celebrities) #3947	34.6	35.7	56.5	66.3	40.3
Newton (Scientists) #3838	49.6	76.4	16.4	46.5	85.9
Daenerys (Fictional) #794	64.1	66.3	78.7	71.6	41.2
MrBeast (YouTubers) #8655	45.1	76.8	54.7	20.7	61.0
Mo Salah (Celebrities) #751	85.1	52.5	46.2	58.8	78.8
Hercules (Mythical) #6911	39.6	78.2	71.8	68.2	55.6
Dream (YouTubers) #3410	40.3	86.5	28.1	77.1	75.7
Nelson Mandela (Politicians) #9811	87.5	93.6	54.0	24.3	92.8
Meryl Streep (Actors) #3214	67.9	60.0	64.1	79.1	85.6
MrBeast (YouTubers) #7097	50.4	77.5	29.2	52.5	78.9
Mo Salah (Celebrities) #7278	45.9	68.4	45.3	22.6	65.2
Hercules (Mythical) #9938	80.5	41.0	19.1	26.0	78.9
Gandhi (Politicians) #187	42.1	51.2	46.4	38.9	40.4
Linus Torvalds (Tech) #6959	74.3	74.4	36.6	92.8	70.4
Yousra (Arab Public) #7792	53.3	43.2	38.5	34.0	52.4
Sherlock Holmes (Fictional) #2384	60.9	74.3	73.1	81.9	91.7
Johnny Depp (Actors) #4489	65.3	49.9	57.1	20.1	34.5
Harry Potter (Fictional) #9638	42.9	89.5	53.5	87.6	71.6
Athena (Mythical) #1607	66.6	50.1	78.5	67.6	46.7
Tom (Cartoon) #7984	98.4	74.6	32.1	75.4	82.9
Lilly Singh (YouTubers) #2869	50.4	32.2	81.1	75.1	25.8
Zeus (Mythical) #1138	69.8	57.9	54.2	76.4	57.2
Taylor Swift (Celebrities) #8710	96.5	44.3	67.8	75.2	52.8
Messi (Celebrities) #6895	39.7	77.9	55.0	81.1	82.0
Cristiano Ronaldo (Celebrities) #7364	77.7	69.2	86.0	46.1	58.4
Spock (Fictional) #9496	30.1	71.1	74.2	62.4	78.3
Dream (YouTubers) #3939	34.9	59.7	56.3	79.4	32.8
Mohamed Ramadan (Arab Public) #7008	42.9	86.2	13.4	71.8	40.3
Ben 10 (Cartoon) #6910	78.4	92.5	70.4	54.7	40.2
Will Smith (Celebrities) #4254	87.2	69.6	15.2	40.6	40.8
Hercules (Mythical) #2343	65.6	40.0	70.5	70.8	82.5
Newton (Scientists) #1278	93.4	30.6	62.9	61.7	28.0
MrBeast (YouTubers) #3795	94.5	58.8	49.4	96.0	39.7
Johnny Depp (Actors) #7413	99.0	35.2	77.7	81.2	37.6
Spock (Fictional) #6329	80.9	97.4	71.8	43.7	38.4
Markiplier (YouTubers) #7900	35.9	92.7	47.2	91.9	70.4
Adele (Celebrities) #9588	81.3	45.7	25.9	46.1	86.5
Messi (Celebrities) #3710	61.7	30.3	30.2	46.6	56.6
PewDiePie (YouTubers) #1746	30.5	94.4	28.7	97.8	64.8
Cristiano Ronaldo (Celebrities) #4486	71.7	41.9	20.1	97.2	41.7
Newton (Scientists) #9157	74.9	89.1	31.9	67.4	82.0
Steve Jobs (Tech) #9818	50.1	41.8	53.5	32.8	27.9
Churchill (Politicians) #3265	87.4	64.6	15.0	71.9	87.3
Sherlock Holmes (Fictional) #1900	79.9	32.4	18.8	51.5	70.8
Will Smith (Celebrities) #6522	55.3	55.7	65.4	21.3	69.4
Athena (Mythical) #9796	89.4	43.1	56.3	21.5	54.7
Jerry (Cartoon) #8419	41.1	74.4	84.5	55.2	85.0
Gandalf (Fictional) #4451	44.3	45.0	41.8	70.0	92.3
PewDiePie (YouTubers) #759	76.2	50.8	81.5	83.4	80.4
Dina El Sherbiny (Arab Public) #5790	85.6	84.3	87.2	28.1	69.7
Meryl Streep (Actors) #9414	95.0	50.8	37.5	65.4	37.5
Gandalf (Fictional) #3193	78.2	49.2	27.1	59.6	35.9
Hercules (Mythical) #9769	38.7	72.7	59.7	29.9	52.7
Angela Merkel (Politicians) #1393	44.4	91.9	88.7	74.3	41.7
Obama (Politicians) #2434	53.7	57.0	79.6	94.2	36.1
Daenerys (Fictional) #2564	99.7	81.6	66.7	89.5	65.3
Spock (Fictional) #404	38.5	86.4	31.4	88.6	62.9
PewDiePie (YouTubers) #370	89.5	40.1	54.7	20.5	27.6
Joe Biden (Politicians) #5230	33.5	91.3	47.3	68.5	31.3
Asser Yassin (Arab Public) #5720	95.7	60.0	66.3	90.5	73.1
Amr Diab (Arab Public) #3182	60.6	68.0	85.8	78.6	86.0
Tom (Cartoon) #3253	94.3	96.5	54.9	93.9	89.8
Elsa (Cartoon) #3377	51.0	94.0	79.7	85.4	42.5
Einstein (Scientists) #3609	60.3	63.6	22.5	49.3	31.9
Jon Snow (Fictional) #7086	98.3	90.9	40.0	27.3	40.1
Frodo Baggins (Fictional) #7190	78.3	37.0	88.3	59.0	72.9
Mo Salah (Celebrities) #3635	59.0	96.1	24.4	31.5	28.2
Daenerys (Fictional) #3426	62.3	94.8	13.6	21.5	31.0
Denzel Washington (Actors) #7307	60.7	80.5	41.4	56.2	59.5
Tom (Cartoon) #2801	41.7	88.9	45.2	38.0	77.5
Meryl Streep (Actors) #1047	54.7	69.2	55.0	64.0	65.9
Goku (Cartoon) #3468	67.5	77.0	75.0	65.9	56.2
Adele (Celebrities) #2953	57.0	96.3	54.8	37.6	74.7
Frodo Baggins (Fictional) #2338	89.2	96.7	73.8	67.0	84.8
Leonardo DiCaprio (Actors) #1224	55.4	47.9	70.2	57.6	28.0
Galileo (Scientists) #3540	88.8	58.8	10.0	68.2	37.7
Obama (Politicians) #8087	69.3	88.6	81.5	77.2	97.7
Marie Curie (Scientists) #9419	57.4	39.9	37.4	75.5	87.3
Marie Curie (Scientists) #3053	76.6	85.2	15.7	27.4	88.8
Angela Merkel (Politicians) #7101	88.6	94.9	11.6	74.4	58.3
Mohamed Ramadan (Arab Public) #2916	45.8	76.6	52.2	23.7	93.8
Dina El Sherbiny (Arab Public) #9110	99.9	73.2	87.5	66.5	35.5
Tesla (Scientists) #9081	79.5	44.3	49.4	64.8	74.4
Tom (Cartoon) #6069	90.8	58.4	37.5	87.3	72.3
Rick (Cartoon) #9939	39.7	80.1	37.1	26.7	60.3
Zeus (Mythical) #8968	44.2	94.5	70.1	42.7	43.7
Goku (Cartoon) #8714	62.7	75.1	29.0	51.1	46.3
Mo Salah (Celebrities) #7043	98.6	92.1	11.6	23.2	84.7
Naruto (Cartoon) #7514	97.3	67.9	80.7	49.3	97.8
Dina El Sherbiny (Arab Public) #3511	62.5	52.4	37.5	26.8	95.6
Emma Watson (Celebrities) #1328	65.7	65.9	79.7	70.9	79.1
KSI (YouTubers) #9265	75.4	92.1	59.7	53.5	95.1
Tesla (Scientists) #9590	78.9	32.4	82.9	92.5	47.1
Will Smith (Celebrities) #2591	71.4	69.8	30.0	40.2	76.6
Cristiano Ronaldo (Celebrities) #9971	56.6	44.3	10.5	20.3	28.6
Elon Musk (Tech) #1873	98.9	38.5	50.2	75.7	31.8
Anubis (Mythical) #8284	85.7	38.8	51.1	39.6	33.1
Linus Torvalds (Tech) #2167	52.8	70.4	62.8	95.5	95.4
Newton (Scientists) #212	96.4	93.1	66.0	87.6	41.0
Joe Biden (Politicians) #2214	83.1	67.0	44.2	70.4	27.0
Elon Musk (Tech) #8087	55.2	50.8	10.0	35.7	32.8
Tom (Cartoon) #5258	84.8	69.0	15.2	57.6	56.5
Tesla (Scientists) #9323	70.2	41.2	29.5	33.3	86.4
Dream (YouTubers) #8708	39.3	66.3	61.3	48.8	92.1
Cristiano Ronaldo (Celebrities) #4313	40.5	45.2	14.7	33.7	58.9
Anubis (Mythical) #5314	85.9	35.3	53.1	34.1	88.8
Batman (Cartoon) #7011	98.4	32.9	70.2	47.4	65.4
Goku (Cartoon) #7482	40.1	91.2	14.9	27.5	50.3
Meryl Streep (Actors) #6507	50.8	68.9	60.1	66.6	57.7
Ahmed Helmy (Arab Public) #774	35.5	69.8	66.9	45.8	55.2
Spock (Fictional) #741	50.8	73.3	15.9	78.2	37.9
Cristiano Ronaldo (Celebrities) #4356	87.5	42.4	64.3	82.4	67.7
Emma Watson (Celebrities) #2491	59.2	70.4	70.0	79.3	41.3
Angela Merkel (Politicians) #6321	69.3	35.9	37.1	36.4	28.6
Denzel Washington (Actors) #6457	97.1	30.7	18.5	88.8	60.3
Gandalf (Fictional) #1696	49.9	76.3	13.2	33.7	86.8
Einstein (Scientists) #2291	43.0	36.7	12.1	59.5	34.1
Ahmed Helmy (Arab Public) #6282	61.7	97.7	45.9	30.9	37.4
Marie Curie (Scientists) #9014	30.4	53.9	50.1	45.3	90.7
Zeus (Mythical) #6788	87.6	61.8	54.6	37.8	37.8
Markiplier (YouTubers) #513	61.9	95.7	15.4	35.3	78.3
Nelson Mandela (Politicians) #8360	51.3	54.2	81.9	67.9	95.9
Ahmed Helmy (Arab Public) #6615	65.0	54.2	42.3	93.4	53.9
Amr Diab (Arab Public) #6577	74.7	61.2	28.5	35.6	50.7
Ada Lovelace (Scientists) #2485	43.6	58.0	88.5	84.6	36.1
Joe Biden (Politicians) #6726	37.5	60.4	61.8	61.3	39.1
Jon Snow (Fictional) #4427	52.5	53.9	87.5	95.8	43.4
Dracula (Fictional) #9769	69.9	64.5	80.6	68.2	65.7
Adele (Celebrities) #7890	74.6	63.4	68.7	77.0	57.9
Ada Lovelace (Scientists) #6427	45.7	57.8	18.1	76.8	44.3
Newton (Scientists) #2886	75.7	71.5	11.8	35.5	32.4
Gandhi (Politicians) #8448	47.2	48.0	21.2	39.9	32.2
Messi (Celebrities) #5300	75.7	93.6	20.3	32.8	46.8
Messi (Celebrities) #1273	34.2	60.2	67.6	33.3	32.0
Tom Hanks (Actors) #5313	88.3	88.5	46.4	87.9	52.7
Gandalf (Fictional) #3971	85.6	73.1	64.9	67.7	97.4
Yousra (Arab Public) #2383	83.6	38.1	78.8	66.7	44.1
Batman (Cartoon) #5162	83.0	64.3	67.4	88.0	79.7
Joe Biden (Politicians) #88	56.6	73.5	30.5	33.1	39.6
KSI (YouTubers) #4485	97.0	58.0	59.1	72.4	33.7
Rick (Cartoon) #5557	66.0	42.9	67.8	65.1	38.4
Gandalf (Fictional) #5806	92.9	94.8	43.7	34.1	73.5
Mohamed Ramadan (Arab Public) #5321	81.8	69.0	17.6	23.9	60.6
KSI (YouTubers) #4773	48.0	47.4	58.6	87.1	26.8
MrBeast (YouTubers) #2516	52.7	50.9	64.2	70.5	47.1
Frodo Baggins (Fictional) #426	83.6	40.8	57.7	96.5	44.1
Zeus (Mythical) #2602	62.1	93.3	11.6	56.9	99.2
MrBeast (YouTubers) #6882	75.2	54.0	67.3	24.0	59.2
Jon Snow (Fictional) #424	48.0	45.5	89.5	94.3	49.2
Adele (Celebrities) #9592	66.4	86.5	79.7	33.5	51.3
Yousra (Arab Public) #9784	37.2	53.8	20.4	47.5	43.1
Hawking (Scientists) #7062	63.7	45.6	38.1	67.5	53.3
Angela Merkel (Politicians) #453	93.2	41.8	70.3	76.6	43.2
Will Smith (Celebrities) #5678	73.0	74.1	59.5	82.6	89.0
Joe Biden (Politicians) #2585	32.6	92.7	86.8	68.0	78.5
Nelson Mandela (Politicians) #8389	75.9	63.2	77.5	57.5	86.5
Will Smith (Celebrities) #4970	99.4	56.2	82.9	48.9	44.9
KSI (YouTubers) #8138	92.1	46.3	55.7	77.9	59.1
Linus Torvalds (Tech) #2875	30.2	97.7	62.5	30.1	31.4
Adele (Celebrities) #7723	84.6	82.9	63.8	31.9	36.4
Logan Paul (YouTubers) #9211	81.9	85.9	44.2	73.9	83.6
Emma Watson (Celebrities) #4974	46.8	95.6	58.6	38.3	69.0
Hercules (Mythical) #7147	82.7	43.5	38.6	94.4	71.8
Elsa (Cartoon) #5789	64.9	87.1	28.7	92.6	74.2
Amr Diab (Arab Public) #5873	69.1	37.6	17.0	82.6	45.7
Johnny Depp (Actors) #5377	75.9	66.0	73.4	34.4	33.9
Dream (YouTubers) #4164	91.1	83.7	67.9	95.3	98.2
Frodo Baggins (Fictional) #3221	30.3	49.3	73.9	51.9	62.9
Dream (YouTubers) #3489	65.4	33.0	33.0	30.6	80.6
Tesla (Scientists) #5167	53.8	58.8	50.0	53.5	83.4
SpongeBob (Cartoon) #297	41.2	50.4	41.6	54.6	55.2
Asser Yassin (Arab Public) #1516	43.7	69.0	32.9	89.6	29.4
Ben 10 (Cartoon) #1239	81.8	60.3	56.7	94.3	60.0
Ben 10 (Cartoon) #7225	43.6	84.3	10.9	83.8	30.4
Batman (Cartoon) #7335	77.0	49.5	54.7	53.0	34.0
Spock (Fictional) #2436	60.3	46.0	85.3	54.8	64.2
Nelson Mandela (Politicians) #5963	55.5	64.1	77.3	90.3	30.0
Dora (Cartoon) #7778	35.4	42.2	80.1	52.5	81.7
Zendaya (Celebrities) #5072	36.7	88.9	15.6	64.2	46.3
Goku (Cartoon) #9846	41.2	45.3	45.3	75.7	52.2
Leonardo DiCaprio (Actors) #698	94.2	58.7	36.1	32.6	50.4
KSI (YouTubers) #4299	66.0	63.8	48.1	63.4	62.0
Dina El Sherbiny (Arab Public) #5341	83.0	98.2	62.7	77.3	48.4
Naruto (Cartoon) #1946	74.3	30.4	26.2	72.4	37.0
Daenerys (Fictional) #2920	61.0	77.8	68.8	96.2	98.6
Batman (Cartoon) #7390	39.0	80.2	37.1	78.1	92.3
Batman (Cartoon) #4769	88.7	45.2	17.4	20.2	55.3
Gandhi (Politicians) #3864	30.1	69.8	17.9	66.9	44.2
Marie Curie (Scientists) #4400	64.2	39.2	85.7	83.6	85.9
Jerry (Cartoon) #1214	65.1	42.8	71.0	32.1	34.3
Zeus (Mythical) #5836	32.0	77.8	83.7	58.4	33.2
PewDiePie (YouTubers) #5371	81.8	36.8	44.6	75.8	53.0
Dina El Sherbiny (Arab Public) #8843	88.6	68.0	49.0	57.5	54.1
Tesla (Scientists) #1463	95.3	68.8	89.1	63.1	69.6
Will Smith (Celebrities) #4791	81.5	35.0	34.3	28.7	76.8
Jon Snow (Fictional) #5928	91.9	81.1	71.1	36.3	97.9
Mo Salah (Celebrities) #6583	85.5	59.9	59.2	58.9	73.0
Will Smith (Celebrities) #288	54.8	57.9	63.4	87.9	94.2
Thor (Mythical) #9068	53.4	81.1	66.9	35.2	48.0
Goku (Cartoon) #2140	54.3	52.0	55.6	47.2	41.1
Johnny Depp (Actors) #5117	99.8	100.0	71.5	55.5	73.7
Johnny Depp (Actors) #3958	64.2	30.3	49.6	70.6	84.1
Johnny Depp (Actors) #5280	90.7	43.5	39.7	77.2	72.0
Tom Hanks (Actors) #6355	70.4	71.9	51.6	55.5	34.9
Spock (Fictional) #1554	47.8	48.2	83.4	54.9	87.0
Obama (Politicians) #835	50.0	52.9	74.7	21.4	33.7
Anubis (Mythical) #6688	97.9	98.4	57.5	58.1	67.5
Tesla (Scientists) #7989	43.7	42.2	76.1	53.4	29.0
Rick (Cartoon) #124	99.4	70.4	14.1	63.4	35.8
Cristiano Ronaldo (Celebrities) #7847	34.5	73.7	31.1	69.1	89.4
MrBeast (YouTubers) #9695	86.0	38.6	13.8	91.8	95.8
Markiplier (YouTubers) #8812	64.9	60.3	43.3	90.3	33.6
Mo Salah (Celebrities) #5391	99.1	50.0	14.4	60.0	46.3
Gandalf (Fictional) #8911	48.6	49.4	38.3	80.4	97.2
SpongeBob (Cartoon) #3029	37.9	84.0	81.8	49.7	51.7
Naruto (Cartoon) #626	56.0	45.6	59.9	45.7	88.8
Messi (Celebrities) #4764	79.0	72.8	74.7	80.2	63.7
Harry Potter (Fictional) #8099	55.0	37.9	83.9	51.5	54.1
Elon Musk (Tech) #1129	88.5	40.4	19.3	56.7	61.7
Tom Hanks (Actors) #8848	32.8	65.3	86.0	97.8	88.0
Bill Gates (Tech) #6721	69.4	95.6	52.6	66.1	42.5
Tesla (Scientists) #6506	64.6	36.0	64.3	22.7	62.7
Meryl Streep (Actors) #951	96.9	68.3	80.9	71.3	52.7
Denzel Washington (Actors) #9593	59.1	98.1	13.4	25.4	50.8
Tesla (Scientists) #1162	56.0	77.2	66.6	23.7	35.4
Markiplier (YouTubers) #2267	78.2	92.4	83.5	33.1	88.2
Mo Salah (Celebrities) #4727	83.0	54.6	38.1	32.9	80.1
Meryl Streep (Actors) #1443	43.7	89.6	86.7	91.4	48.6
Athena (Mythical) #8036	81.4	84.5	58.4	22.4	99.5
Cristiano Ronaldo (Celebrities) #4046	96.1	94.9	76.5	41.4	49.0
Ahmed Helmy (Arab Public) #669	48.7	45.6	89.1	54.1	67.1
Leonardo DiCaprio (Actors) #5502	31.1	55.5	34.2	21.7	33.0
Sherlock Holmes (Fictional) #3002	54.7	55.8	87.2	90.4	47.0
PewDiePie (YouTubers) #2344	65.2	92.1	74.5	55.8	98.6
Johnny Depp (Actors) #6899	31.4	39.1	20.7	39.6	76.2
Harry Potter (Fictional) #857	39.1	53.6	59.0	41.9	31.2
Mohamed Ramadan (Arab Public) #2744	88.8	99.2	56.8	46.8	95.4
Meryl Streep (Actors) #7825	38.4	78.2	75.6	91.3	54.7
Batman (Cartoon) #757	77.0	78.9	86.5	78.6	71.8
Tom (Cartoon) #3205	95.1	81.6	87.6	83.8	45.4
Athena (Mythical) #5563	52.6	33.9	44.6	23.0	97.1
Angela Merkel (Politicians) #5357	84.8	99.2	39.6	82.7	55.1
Nelson Mandela (Politicians) #7494	83.0	35.1	69.7	78.3	94.1
Joe Biden (Politicians) #147	84.3	32.9	16.4	95.8	94.9
Harry Potter (Fictional) #1561	34.7	64.2	35.5	45.8	33.8
Einstein (Scientists) #463	45.3	46.9	25.4	58.8	34.3
SpongeBob (Cartoon) #1245	31.4	34.0	16.6	51.8	27.0
Brad Pitt (Actors) #6948	94.0	31.9	18.0	71.9	80.0
Denzel Washington (Actors) #4478	43.9	85.4	45.8	75.6	76.7
Leonardo DiCaprio (Actors) #1745	85.7	50.6	42.0	68.6	75.5
SpongeBob (Cartoon) #14	53.3	78.9	39.1	85.8	71.9
Ben 10 (Cartoon) #2906	70.9	93.0	13.3	65.8	81.9
Sherlock Holmes (Fictional) #6664	81.5	96.7	32.9	61.1	38.5
PewDiePie (YouTubers) #2013	57.5	42.1	32.3	37.0	37.9
Obama (Politicians) #1428	72.3	53.3	68.7	22.3	40.6
Sherlock Holmes (Fictional) #9283	69.5	88.8	79.7	68.9	39.3
Ben 10 (Cartoon) #5337	68.5	89.7	37.7	56.2	90.3
Tesla (Scientists) #9064	53.2	34.8	20.7	52.7	37.2
Adele (Celebrities) #3758	98.0	76.8	36.3	86.1	78.5
Harry Potter (Fictional) #2755	63.6	54.7	61.9	77.3	32.9
Linus Torvalds (Tech) #890	84.6	35.5	20.4	53.2	49.3
Cristiano Ronaldo (Celebrities) #8636	56.2	63.6	83.9	62.0	62.9
Churchill (Politicians) #1578	73.2	75.3	14.7	64.5	54.2
Ahmed Helmy (Arab Public) #6562	53.7	55.9	72.8	46.6	26.1
Tom Hanks (Actors) #8101	57.2	31.5	30.1	75.5	82.0
Spock (Fictional) #8497	81.6	75.5	64.9	67.5	49.0
Galileo (Scientists) #9425	36.0	39.8	70.8	93.2	39.6
Gandhi (Politicians) #7524	94.2	66.7	79.0	33.9	39.2
Bill Gates (Tech) #889	96.3	47.3	85.4	63.8	81.2
Daenerys (Fictional) #2284	35.5	36.7	25.5	81.4	56.3
Dina El Sherbiny (Arab Public) #3860	77.5	41.1	14.7	30.6	67.8
Meryl Streep (Actors) #6228	69.8	98.6	16.7	50.1	42.1
Meryl Streep (Actors) #1831	32.9	57.8	12.4	47.5	59.8
Galileo (Scientists) #5804	65.8	35.2	76.7	26.3	29.2
MrBeast (YouTubers) #4052	61.4	43.8	63.3	36.3	35.0
Linus Torvalds (Tech) #2552	85.8	34.8	51.5	87.2	26.9
Amr Diab (Arab Public) #7629	89.8	58.6	37.0	51.9	77.4
Markiplier (YouTubers) #981	82.5	94.1	22.7	82.4	97.5
Cristiano Ronaldo (Celebrities) #4042	30.8	72.5	38.9	79.3	32.4
Asser Yassin (Arab Public) #3544	61.8	60.7	52.1	29.4	76.9
KSI (YouTubers) #9830	31.3	62.5	29.6	38.0	79.2
Sherlock Holmes (Fictional) #7820	53.0	37.8	89.3	43.0	86.4
Thor (Mythical) #9671	30.0	33.5	45.8	48.8	65.6
Taylor Swift (Celebrities) #8892	48.0	46.5	10.4	56.0	44.5
Daenerys (Fictional) #7270	83.6	55.3	44.6	96.8	90.7
Leonardo DiCaprio (Actors) #2412	91.9	57.4	52.1	65.0	54.9
Batman (Cartoon) #4801	87.0	40.3	50.2	26.0	35.7
Zeus (Mythical) #7193	47.3	49.3	58.5	33.5	89.0
Spock (Fictional) #9037	99.9	80.5	44.9	71.4	74.2
Jerry (Cartoon) #7042	91.8	64.3	28.6	59.3	33.0
Dina El Sherbiny (Arab Public) #6286	85.9	59.2	51.1	58.1	88.5
Taylor Swift (Celebrities) #1225	42.5	33.1	48.6	44.0	71.1
Amr Diab (Arab Public) #1613	55.9	70.6	51.4	71.5	71.2
Elon Musk (Tech) #6222	42.1	34.9	78.3	32.2	64.2
Linus Torvalds (Tech) #5564	82.2	67.4	77.4	70.3	43.8
Sherlock Holmes (Fictional) #3940	39.6	93.6	81.3	67.3	60.4
Denzel Washington (Actors) #6818	68.6	62.7	32.4	63.3	56.5
Amr Diab (Arab Public) #932	68.3	56.7	26.2	45.8	26.3
Anubis (Mythical) #8768	67.6	58.6	72.1	21.4	32.1
Churchill (Politicians) #8505	33.6	72.4	14.0	57.7	62.0
Harry Potter (Fictional) #5739	55.1	80.0	66.6	71.3	39.9
Tesla (Scientists) #4607	35.5	63.3	70.2	39.6	79.2
Ben 10 (Cartoon) #366	58.4	91.4	30.2	41.1	49.0
Hercules (Mythical) #1993	83.4	82.6	74.9	63.4	49.6
Lilly Singh (YouTubers) #3944	85.0	63.3	35.2	96.2	48.6
Messi (Celebrities) #5842	80.0	75.8	19.9	71.2	40.7
Dracula (Fictional) #1109	54.0	98.0	62.5	41.6	92.1
Tesla (Scientists) #4129	46.2	50.0	64.3	63.7	32.3
Johnny Depp (Actors) #2689	33.1	63.8	54.0	55.4	36.5
Ahmed Helmy (Arab Public) #7636	53.8	30.2	34.7	95.4	28.1
Hawking (Scientists) #7526	99.3	39.8	71.8	38.8	46.1
Will Smith (Celebrities) #2219	40.3	75.3	34.0	39.4	93.4
Galileo (Scientists) #3413	38.6	37.9	88.3	46.3	97.9
Adele (Celebrities) #9385	91.6	81.2	11.0	56.4	31.7
Asser Yassin (Arab Public) #1733	38.0	66.8	43.2	56.0	78.8
Harry Potter (Fictional) #6336	46.1	85.7	36.6	66.7	97.2
Hawking (Scientists) #821	65.4	70.7	21.0	70.4	47.9
KSI (YouTubers) #5467	87.5	84.1	28.1	75.2	95.6
Nelson Mandela (Politicians) #1424	86.7	41.0	14.4	46.5	97.4
SpongeBob (Cartoon) #4530	33.7	91.5	57.4	55.8	34.9
Newton (Scientists) #6208	75.1	33.9	69.0	65.6	36.8
Yousra (Arab Public) #9222	73.0	31.9	66.3	40.6	86.8
Jon Snow (Fictional) #4923	90.1	97.6	48.2	56.8	58.4
Einstein (Scientists) #4485	72.8	56.2	20.4	40.3	64.9
Mohamed Ramadan (Arab Public) #9238	96.1	87.9	34.3	62.0	56.3
Ahmed Helmy (Arab Public) #834	93.5	77.8	41.7	61.2	32.2
Ben 10 (Cartoon) #9319	37.4	79.2	75.4	90.5	47.8
Obama (Politicians) #9166	70.7	84.4	35.4	40.3	73.1
Ra (Mythical) #7266	33.3	97.6	18.8	77.3	41.1
Markiplier (YouTubers) #6143	69.6	89.2	27.4	73.5	84.4
Einstein (Scientists) #7157	50.3	70.5	19.8	79.9	98.0
Asser Yassin (Arab Public) #1632	33.4	73.3	21.4	43.4	65.6
Joe Biden (Politicians) #5236	59.2	35.5	29.5	82.1	57.4
Lilly Singh (YouTubers) #8068	71.8	58.4	58.7	31.5	54.4
Angela Merkel (Politicians) #5002	99.2	71.8	25.1	48.6	95.5
Anubis (Mythical) #967	46.1	74.9	36.7	26.3	36.6
Dracula (Fictional) #9643	33.5	71.1	48.6	51.5	57.9
Tom (Cartoon) #7261	61.3	73.8	40.5	94.1	38.8
Bill Gates (Tech) #9631	81.4	49.8	77.0	79.7	61.9
Dora (Cartoon) #7911	45.0	33.4	49.3	90.6	70.1
Dream (YouTubers) #9746	89.4	58.1	61.8	75.0	31.9
Tesla (Scientists) #2776	82.7	70.3	11.0	34.0	64.4
Jerry (Cartoon) #1479	94.7	46.9	50.4	23.4	86.0
Elon Musk (Tech) #4572	68.3	36.7	14.9	88.6	52.0
Einstein (Scientists) #4938	69.9	85.0	45.3	91.9	68.8
Will Smith (Celebrities) #5264	35.1	73.2	44.4	61.9	77.3
Anubis (Mythical) #7655	68.3	44.9	21.4	32.1	73.5
Batman (Cartoon) #3639	63.3	56.0	10.7	34.7	87.6
Dora (Cartoon) #9303	72.1	62.1	74.7	38.9	72.3
Emma Watson (Celebrities) #8963	55.6	38.1	35.9	95.3	60.8
Anubis (Mythical) #2272	50.0	48.1	56.6	20.1	95.2
Gandhi (Politicians) #42	92.7	78.2	45.1	69.2	43.5
Leonardo DiCaprio (Actors) #7591	67.6	61.1	70.1	90.0	27.0
Yousra (Arab Public) #8556	56.7	42.1	55.6	94.1	54.3
Ada Lovelace (Scientists) #3025	53.0	38.1	14.9	73.4	74.0
Thor (Mythical) #5528	42.9	45.2	12.0	39.1	89.0
Will Smith (Celebrities) #3162	62.5	43.4	52.5	50.1	70.0
Yousra (Arab Public) #906	68.0	71.6	27.8	75.0	42.8
Elsa (Cartoon) #776	66.3	58.4	42.8	86.6	27.7
Zendaya (Celebrities) #5358	85.5	81.6	70.3	64.9	85.8
Batman (Cartoon) #4592	57.0	90.5	20.1	59.5	37.5
Ra (Mythical) #8923	31.6	83.5	84.2	62.2	63.1
Harry Potter (Fictional) #1305	72.5	70.2	51.0	71.6	30.7
Emma Watson (Celebrities) #7476	70.0	36.9	39.6	63.9	60.8
Sherlock Holmes (Fictional) #5781	45.3	38.6	62.3	93.6	96.0
Markiplier (YouTubers) #1591	68.6	58.3	38.9	56.4	96.0
PewDiePie (YouTubers) #2226	50.4	78.1	67.8	44.8	59.8
Nelson Mandela (Politicians) #6648	70.6	81.6	83.2	75.8	86.4
Daenerys (Fictional) #2507	93.0	59.5	60.9	70.9	34.4
Naruto (Cartoon) #1836	60.1	43.3	82.4	49.3	97.9
Lilly Singh (YouTubers) #1837	48.1	68.1	24.9	50.9	57.4
Thor (Mythical) #6240	78.6	37.9	16.4	70.2	62.9
Hercules (Mythical) #9799	58.2	89.8	87.6	39.8	30.8
Newton (Scientists) #5068	90.3	53.3	18.7	73.6	99.0
Batman (Cartoon) #97	44.0	98.6	80.4	97.1	74.1
Amr Diab (Arab Public) #2572	96.7	88.8	60.0	55.2	33.5
Zendaya (Celebrities) #4091	86.2	97.0	14.9	52.5	30.0
Jerry (Cartoon) #9240	59.4	55.2	50.7	30.0	29.7
Jerry (Cartoon) #9607	76.5	67.1	46.9	22.6	48.9
Athena (Mythical) #4199	98.3	52.1	63.7	25.9	67.1
Zuckerberg (Tech) #1259	49.1	76.0	41.4	71.6	77.0
Hawking (Scientists) #6934	69.7	53.4	27.0	39.0	66.9
KSI (YouTubers) #4624	99.3	70.8	33.0	53.4	26.2
Amr Diab (Arab Public) #7346	41.1	89.8	67.7	84.8	99.4
Zendaya (Celebrities) #7868	42.1	80.0	45.3	62.9	60.9
Ra (Mythical) #1688	45.6	72.6	61.4	23.5	41.3
Linus Torvalds (Tech) #8297	52.7	76.2	26.8	60.1	55.4
Marie Curie (Scientists) #6484	50.4	88.7	54.6	71.5	59.5
MrBeast (YouTubers) #2191	50.5	57.6	67.5	54.8	33.6
Dracula (Fictional) #6150	43.1	38.0	35.7	95.8	49.8
Zeus (Mythical) #9284	68.6	56.0	83.8	48.9	78.1
SpongeBob (Cartoon) #5773	94.1	36.8	18.0	69.5	50.7
Hercules (Mythical) #54	84.3	97.7	11.0	27.4	34.2
Leonardo DiCaprio (Actors) #100	47.2	94.4	17.3	36.1	54.9
MrBeast (YouTubers) #481	37.4	59.0	49.6	85.6	75.2
Goku (Cartoon) #3960	50.9	47.0	21.6	96.4	74.0
Asser Yassin (Arab Public) #5787	63.0	75.3	63.5	42.5	57.0
Batman (Cartoon) #5919	85.3	47.2	88.0	61.2	99.1
Ahmed Helmy (Arab Public) #755	46.0	35.0	78.1	96.1	89.0
Harry Potter (Fictional) #759	68.8	31.2	51.3	25.8	38.0
Rick (Cartoon) #4794	94.8	82.7	49.9	52.9	71.7
Dina El Sherbiny (Arab Public) #2165	41.3	84.5	41.5	23.6	77.6
Zuckerberg (Tech) #7575	68.8	40.9	88.7	40.2	72.9
Churchill (Politicians) #2476	96.6	72.6	25.7	49.5	90.9
Linus Torvalds (Tech) #164	44.1	80.9	71.6	45.5	54.3
Elon Musk (Tech) #3039	81.0	71.7	28.6	82.0	70.5
Dina El Sherbiny (Arab Public) #380	49.4	30.2	63.6	26.2	46.1
Newton (Scientists) #3058	72.2	73.5	38.2	86.3	25.5
Dina El Sherbiny (Arab Public) #8309	91.6	52.9	60.2	20.1	39.2
Messi (Celebrities) #6304	57.0	71.2	45.3	54.4	32.6
Dracula (Fictional) #5127	44.9	56.1	34.2	86.2	99.8
Marie Curie (Scientists) #1591	83.3	33.7	69.0	75.4	95.3
Hawking (Scientists) #6276	61.7	31.8	72.2	34.4	56.8
Elon Musk (Tech) #3477	70.2	31.1	32.4	22.4	71.3
Hercules (Mythical) #7662	62.7	31.7	86.3	58.9	40.5
SpongeBob (Cartoon) #5728	55.0	30.1	19.9	60.7	94.2
Newton (Scientists) #3848	72.5	53.0	49.6	87.6	93.0
Adele (Celebrities) #5704	36.6	66.9	23.7	79.8	46.0
Hercules (Mythical) #2050	91.3	91.1	23.9	58.6	37.7
Steve Jobs (Tech) #1374	66.1	77.5	14.5	61.7	42.4
Dina El Sherbiny (Arab Public) #6191	93.2	35.3	76.3	74.4	28.4
Mo Salah (Celebrities) #7020	77.3	37.1	86.5	82.6	84.3
Anubis (Mythical) #3194	40.7	70.6	65.9	20.0	31.2
Tom (Cartoon) #9424	90.5	50.8	63.3	96.9	88.8
Linus Torvalds (Tech) #8731	57.1	36.6	54.8	31.8	27.8
Will Smith (Celebrities) #6165	30.4	66.5	48.3	55.5	95.6
Jerry (Cartoon) #221	58.3	40.2	78.3	74.5	94.7
Johnny Depp (Actors) #4222	85.5	49.7	69.4	74.1	29.9
Newton (Scientists) #1677	40.5	61.0	43.8	30.8	51.7
Jon Snow (Fictional) #7959	62.9	67.6	71.6	80.3	85.6
MrBeast (YouTubers) #7185	36.6	33.6	87.6	37.4	59.9
Cristiano Ronaldo (Celebrities) #1023	88.3	44.6	80.4	23.2	31.2
Dina El Sherbiny (Arab Public) #4980	60.4	73.5	73.5	31.2	68.1
Frodo Baggins (Fictional) #5030	79.8	98.0	90.0	95.7	85.0
Newton (Scientists) #3754	60.8	35.4	44.2	46.6	91.8
Marie Curie (Scientists) #2675	61.9	97.2	14.9	53.0	60.8
Adele (Celebrities) #7950	75.7	48.5	22.0	25.6	79.1
Johnny Depp (Actors) #4340	46.3	33.0	65.2	23.0	29.9
MrBeast (YouTubers) #4366	40.1	66.4	15.6	94.1	83.9
Logan Paul (YouTubers) #8694	85.4	75.8	57.8	46.1	90.0
Yousra (Arab Public) #9524	34.5	30.1	57.2	65.0	34.1
Denzel Washington (Actors) #614	99.7	55.8	17.7	45.4	40.1
Mo Salah (Celebrities) #862	32.6	62.6	71.5	83.9	82.0
Jerry (Cartoon) #9881	47.2	35.3	71.7	66.7	48.0
Harry Potter (Fictional) #3482	37.1	53.4	84.7	91.1	37.7
Lilly Singh (YouTubers) #9858	90.1	84.6	41.3	47.6	30.8
MrBeast (YouTubers) #3433	45.5	80.1	66.5	93.4	93.9
Gandalf (Fictional) #6931	71.4	68.6	13.2	70.0	68.1
Ada Lovelace (Scientists) #860	63.7	64.9	31.4	93.9	33.5
Athena (Mythical) #1536	47.4	39.1	78.2	20.2	65.6
Angela Merkel (Politicians) #2954	70.6	34.0	65.1	92.9	28.3
Tom (Cartoon) #7942	64.1	76.3	76.0	20.2	95.4
Jerry (Cartoon) #1605	48.7	90.7	53.6	69.0	45.7
Jon Snow (Fictional) #9170	73.1	31.9	44.1	34.6	64.3
Tesla (Scientists) #4151	53.2	63.8	42.3	25.8	25.8
KSI (YouTubers) #3467	75.2	72.9	20.3	23.8	49.7
Angela Merkel (Politicians) #6935	75.2	36.9	87.7	94.7	28.9
Brad Pitt (Actors) #5091	46.1	61.8	87.4	23.6	58.8
Meryl Streep (Actors) #6425	79.8	63.0	59.2	48.5	44.5
Harry Potter (Fictional) #5888	86.2	97.2	75.4	39.5	91.4
Batman (Cartoon) #3376	62.6	78.5	76.5	54.2	69.0
Ahmed Helmy (Arab Public) #9005	48.3	39.2	84.1	88.6	39.5
Angela Merkel (Politicians) #97	74.2	96.2	38.8	83.1	97.5
Taylor Swift (Celebrities) #2131	96.9	74.9	48.8	69.1	73.6
Naruto (Cartoon) #331	83.8	82.0	33.3	38.1	53.2
Angela Merkel (Politicians) #7627	52.4	98.1	89.7	56.7	46.1
Thor (Mythical) #6602	36.8	50.3	74.4	39.0	83.5
Cristiano Ronaldo (Celebrities) #6873	45.3	90.7	20.9	96.7	43.9
Leonardo DiCaprio (Actors) #2676	66.7	95.4	62.7	31.5	82.8
Spock (Fictional) #2280	38.0	37.7	17.5	78.9	33.7
MrBeast (YouTubers) #9116	37.3	79.8	45.3	69.1	61.4
Goku (Cartoon) #6781	37.5	55.2	43.6	81.8	88.8
SpongeBob (Cartoon) #4943	63.8	57.9	39.8	25.8	35.7
Rick (Cartoon) #3386	48.9	49.0	66.7	83.4	26.2
Ben 10 (Cartoon) #4875	90.8	64.3	80.2	44.7	31.0
Gandhi (Politicians) #8025	36.3	53.4	46.7	30.7	90.9
Gandalf (Fictional) #7627	89.1	37.8	89.1	76.9	47.3
Ben 10 (Cartoon) #2119	97.7	56.0	50.0	33.3	77.1
Amr Diab (Arab Public) #3630	58.8	44.9	81.3	86.5	36.4
Newton (Scientists) #8213	92.5	69.2	75.7	38.1	47.4
Yousra (Arab Public) #7899	63.1	54.1	88.6	21.6	46.4
Johnny Depp (Actors) #3583	64.3	56.5	42.1	91.6	63.0
Dina El Sherbiny (Arab Public) #2522	68.0	52.4	28.7	79.7	33.3
Sherlock Holmes (Fictional) #6889	66.0	31.1	83.1	81.6	80.0
Dora (Cartoon) #8084	46.0	66.2	47.1	25.4	99.1
Taylor Swift (Celebrities) #9660	31.0	64.0	76.4	75.1	72.6
Elon Musk (Tech) #8632	92.8	38.8	52.9	54.1	73.9
Markiplier (YouTubers) #6585	92.1	38.0	71.1	65.8	63.4
Newton (Scientists) #3792	43.3	85.0	82.3	84.2	67.0
Dora (Cartoon) #7705	98.8	78.6	43.2	94.3	33.4
Jon Snow (Fictional) #6487	60.9	64.3	44.7	25.2	44.0
Johnny Depp (Actors) #1018	93.8	35.7	66.2	59.7	65.4
Asser Yassin (Arab Public) #6019	93.8	65.2	55.2	77.6	57.5
Meryl Streep (Actors) #6913	90.7	74.3	69.4	85.6	54.7
Zuckerberg (Tech) #1232	37.0	99.8	40.2	83.5	38.9
SpongeBob (Cartoon) #4387	75.3	93.1	63.2	63.9	91.8
Bill Gates (Tech) #8429	75.3	97.4	16.8	24.7	26.1
Markiplier (YouTubers) #8460	36.5	77.5	80.9	93.7	78.0
Dracula (Fictional) #130	56.6	60.7	37.3	78.9	28.1
Newton (Scientists) #3336	57.2	53.2	54.3	35.5	43.4
Amr Diab (Arab Public) #5649	91.8	53.7	67.6	58.7	59.2
Jerry (Cartoon) #3094	81.7	89.7	25.5	89.0	40.0
Adele (Celebrities) #4124	75.4	88.1	88.4	63.8	32.7
Elsa (Cartoon) #7325	36.6	52.0	41.8	68.1	62.3
Bill Gates (Tech) #6267	95.8	53.1	45.1	95.2	74.7
Elsa (Cartoon) #8779	55.8	75.6	17.9	87.9	88.1
Anubis (Mythical) #3607	53.8	37.8	78.7	39.8	38.8
Gandalf (Fictional) #8017	95.0	59.7	74.4	97.8	63.6
Thor (Mythical) #1726	69.9	97.4	82.2	64.2	72.3
Dina El Sherbiny (Arab Public) #8692	40.6	92.4	80.4	87.0	48.1
Adele (Celebrities) #2048	82.4	92.8	44.0	62.0	90.9
Linus Torvalds (Tech) #3545	69.1	80.7	70.3	67.4	33.8
Steve Jobs (Tech) #8345	58.0	79.5	24.5	66.9	53.1
Meryl Streep (Actors) #2956	46.5	80.1	34.4	45.5	42.5
Ada Lovelace (Scientists) #9147	50.6	57.6	35.6	32.1	70.2
Tom Hanks (Actors) #1733	97.2	67.8	87.6	36.5	68.7
Zendaya (Celebrities) #3786	42.7	64.1	55.5	40.2	60.0
Emma Watson (Celebrities) #3940	82.1	83.1	40.7	65.9	34.1
Batman (Cartoon) #7671	86.6	75.2	30.4	24.8	38.0
Marie Curie (Scientists) #5587	38.9	85.1	70.1	40.9	36.8
Churchill (Politicians) #3082	39.9	82.3	66.5	71.0	25.3
Thor (Mythical) #3760	89.0	33.5	61.1	21.5	88.9
Athena (Mythical) #1284	69.7	65.2	29.8	85.6	43.6
Mo Salah (Celebrities) #3410	68.8	77.2	15.9	25.3	80.3
Brad Pitt (Actors) #5119	80.2	30.3	69.9	52.9	66.7
Tom Hanks (Actors) #962	72.3	84.3	18.9	28.1	41.1
Elsa (Cartoon) #2510	57.8	92.2	79.3	87.6	45.6
Zuckerberg (Tech) #2642	62.0	56.8	36.8	34.4	68.0
PewDiePie (YouTubers) #887	65.3	85.3	26.9	68.7	51.5
Putin (Politicians) #2706	51.1	38.8	13.0	62.5	77.0
Dina El Sherbiny (Arab Public) #5333	92.1	32.6	30.8	50.1	83.0
Lilly Singh (YouTubers) #29	52.0	59.4	29.4	99.5	91.6
Tom Hanks (Actors) #8972	87.4	86.5	57.2	79.5	53.2
SpongeBob (Cartoon) #9931	98.5	68.2	75.1	39.6	77.5
Amr Diab (Arab Public) #2727	62.0	81.2	77.0	47.1	51.4
Batman (Cartoon) #1583	62.3	92.5	59.7	69.2	58.6
Rick (Cartoon) #2593	72.0	67.1	41.5	39.6	45.0
Frodo Baggins (Fictional) #1819	43.6	42.3	38.1	46.9	65.0
Dina El Sherbiny (Arab Public) #3899	97.4	67.2	80.9	39.8	42.2
MrBeast (YouTubers) #299	37.6	90.6	14.9	35.1	53.4
Linus Torvalds (Tech) #983	82.9	79.5	21.5	36.8	78.3
Ben 10 (Cartoon) #293	98.0	38.0	53.0	95.3	99.9
Einstein (Scientists) #504	53.1	50.7	61.6	34.6	46.0
Anubis (Mythical) #1888	55.1	73.4	13.7	64.2	42.8
Tom Hanks (Actors) #1060	70.7	94.4	30.0	22.4	40.7
Linus Torvalds (Tech) #7103	58.4	42.8	64.8	52.0	93.1
Jerry (Cartoon) #6142	83.5	39.6	11.4	79.5	53.6
Goku (Cartoon) #3618	64.4	70.2	10.7	64.0	52.6
KSI (YouTubers) #472	54.5	73.1	77.5	31.8	36.2
Jon Snow (Fictional) #925	95.5	85.7	61.1	90.2	43.2
Leonardo DiCaprio (Actors) #7698	93.9	59.3	82.0	35.0	57.9
Logan Paul (YouTubers) #1415	60.4	85.0	21.4	59.3	95.5
Taylor Swift (Celebrities) #7578	57.2	89.1	28.2	56.3	74.9
Cristiano Ronaldo (Celebrities) #7498	81.4	63.7	16.3	27.5	83.8
Gandalf (Fictional) #1828	73.3	49.0	23.6	51.5	25.8
Emma Watson (Celebrities) #2907	62.2	93.2	69.7	70.5	99.2
Hercules (Mythical) #770	54.8	57.1	40.5	45.0	61.8
Ben 10 (Cartoon) #3896	41.1	97.1	52.5	71.6	29.0
Obama (Politicians) #3721	90.1	94.5	25.2	63.2	72.6
Taylor Swift (Celebrities) #3361	35.3	62.5	13.9	25.0	29.7
Sherlock Holmes (Fictional) #3926	89.5	91.6	70.8	56.8	57.9
Cristiano Ronaldo (Celebrities) #7974	87.8	88.9	24.3	54.8	85.4
Galileo (Scientists) #1066	43.2	98.6	78.7	99.1	91.9
Batman (Cartoon) #5536	74.2	38.3	28.3	85.1	69.9
Johnny Depp (Actors) #1056	83.1	98.3	31.9	75.7	66.9
MrBeast (YouTubers) #4297	39.4	49.2	54.8	91.1	58.6
Hawking (Scientists) #7719	84.4	60.2	43.2	73.7	65.3
Spock (Fictional) #4770	42.7	72.7	62.6	49.6	96.8
Dracula (Fictional) #6227	32.5	98.4	13.6	75.6	31.6
Leonardo DiCaprio (Actors) #2092	49.1	32.0	65.5	86.7	89.0
Gandhi (Politicians) #5413	46.0	45.1	85.4	96.8	85.1
Elon Musk (Tech) #2776	69.5	47.7	34.5	81.3	60.9
Galileo (Scientists) #4466	86.7	65.5	57.8	97.9	96.7
Harry Potter (Fictional) #9576	91.7	83.3	88.5	40.6	47.9
Tom Hanks (Actors) #2971	95.8	68.9	72.0	57.1	55.8
Asser Yassin (Arab Public) #5236	89.0	32.3	24.2	21.2	57.6
Putin (Politicians) #6963	82.6	32.8	66.2	70.2	99.3
Meryl Streep (Actors) #4597	51.3	34.3	79.7	83.7	70.4
Jerry (Cartoon) #9162	81.0	48.7	47.7	25.5	85.6
Ahmed Helmy (Arab Public) #2084	77.2	46.8	36.7	48.7	55.0
Jon Snow (Fictional) #3538	60.7	88.3	62.8	62.0	26.2
Dora (Cartoon) #5990	85.6	37.6	76.8	93.2	41.9
Yousra (Arab Public) #1236	96.1	62.7	88.4	88.3	68.4
Taylor Swift (Celebrities) #3101	42.9	70.6	13.7	64.3	42.5
Elon Musk (Tech) #7425	86.4	72.4	78.2	77.6	99.7
Logan Paul (YouTubers) #8090	88.2	51.6	68.5	43.2	54.5
Harry Potter (Fictional) #5674	33.3	42.5	44.7	53.5	82.0
Mo Salah (Celebrities) #5536	97.1	63.4	51.4	39.0	60.8
Ra (Mythical) #4967	98.2	61.3	76.0	56.7	84.8
Tom (Cartoon) #1686	55.9	97.5	77.4	26.2	55.8
Joe Biden (Politicians) #8959	59.9	77.5	19.2	69.9	64.0
Meryl Streep (Actors) #731	81.3	80.9	25.0	74.0	97.5
Brad Pitt (Actors) #1782	87.0	75.6	42.7	56.9	98.5
SpongeBob (Cartoon) #5311	60.0	36.9	78.1	44.0	88.6
Linus Torvalds (Tech) #3421	39.3	57.7	22.2	57.6	33.6
PewDiePie (YouTubers) #1011	91.4	69.8	23.4	95.6	95.8
Joe Biden (Politicians) #6815	88.0	76.2	36.9	42.4	38.3
Tom (Cartoon) #9023	95.3	55.9	75.3	50.5	51.4
Will Smith (Celebrities) #4163	50.6	40.5	42.8	72.8	27.6
Putin (Politicians) #5985	48.9	58.6	37.4	85.3	84.0
Emma Watson (Celebrities) #880	90.5	74.8	42.8	83.0	63.9
Jon Snow (Fictional) #8218	86.6	71.4	85.8	20.4	26.5
Zuckerberg (Tech) #412	55.4	89.1	29.9	40.7	65.0
Markiplier (YouTubers) #9732	39.7	47.8	24.8	79.8	36.9
Galileo (Scientists) #279	53.4	69.8	68.7	80.8	52.7
Goku (Cartoon) #3293	74.8	93.8	19.4	79.0	94.2
Galileo (Scientists) #3166	54.8	57.7	87.9	64.4	63.5
Bill Gates (Tech) #9222	36.6	76.8	23.7	36.4	58.7
Harry Potter (Fictional) #5201	59.8	70.8	57.1	33.0	85.2
Churchill (Politicians) #5267	49.9	81.6	21.3	63.4	29.6
Leonardo DiCaprio (Actors) #2663	39.5	49.5	70.4	56.7	70.0
Dracula (Fictional) #2595	80.6	92.4	10.2	61.6	83.2
Obama (Politicians) #3289	98.9	93.3	39.3	73.4	63.8
Joe Biden (Politicians) #5031	98.2	92.9	88.6	72.2	64.1
Bill Gates (Tech) #3132	60.2	77.9	73.6	42.5	72.7
Naruto (Cartoon) #4483	80.3	78.1	89.1	96.1	41.1
Batman (Cartoon) #8184	60.7	65.7	39.3	42.5	44.2
Spock (Fictional) #2587	38.7	94.4	72.1	47.8	25.6
SpongeBob (Cartoon) #2326	45.3	67.5	27.7	99.5	41.9
Linus Torvalds (Tech) #711	43.2	88.1	68.0	73.3	34.4
Zuckerberg (Tech) #5111	47.6	69.5	17.1	68.4	26.3
Ben 10 (Cartoon) #1754	36.4	34.4	88.0	62.1	98.5
Ben 10 (Cartoon) #1785	90.9	94.2	59.7	41.7	30.2
Dracula (Fictional) #8400	71.1	33.2	50.5	23.1	29.8
Joe Biden (Politicians) #1595	59.2	54.1	30.4	75.4	58.4
Asser Yassin (Arab Public) #6644	50.3	53.8	65.9	45.5	30.4
Athena (Mythical) #3673	56.9	41.8	31.8	62.5	40.4
Tesla (Scientists) #1599	32.5	36.3	86.4	74.5	34.7
Hawking (Scientists) #5052	36.5	77.0	31.0	35.3	68.5
Spock (Fictional) #4212	76.9	71.5	58.6	43.7	48.7
Churchill (Politicians) #8998	63.7	60.8	42.3	51.3	38.4
Mohamed Ramadan (Arab Public) #7186	45.9	87.3	18.7	46.6	55.4
Gandhi (Politicians) #6314	79.3	64.3	53.4	57.4	78.2
Mo Salah (Celebrities) #8082	33.4	46.3	53.0	41.4	56.5
Goku (Cartoon) #3526	97.4	88.5	36.3	75.7	80.3
Lilly Singh (YouTubers) #6915	91.4	89.5	58.9	25.7	58.1
Elon Musk (Tech) #3507	69.0	41.6	27.9	53.1	84.1
Asser Yassin (Arab Public) #9437	75.2	84.8	42.1	89.1	74.7
Will Smith (Celebrities) #2808	41.0	73.6	21.2	93.1	41.4
Zuckerberg (Tech) #6639	51.2	60.2	42.2	41.1	70.4
Asser Yassin (Arab Public) #3923	74.2	61.0	61.2	84.2	55.5
Brad Pitt (Actors) #7475	63.5	35.3	39.7	54.7	30.7
Joe Biden (Politicians) #2309	46.8	52.7	13.7	50.9	85.5
Messi (Celebrities) #43	56.4	61.3	83.3	70.9	74.4
Obama (Politicians) #1216	95.0	48.9	13.3	57.9	59.5
Lilly Singh (YouTubers) #3112	70.1	81.7	23.4	98.9	49.2
Newton (Scientists) #3512	41.8	92.5	35.5	62.3	50.4
Gandhi (Politicians) #7678	88.9	76.9	72.0	39.8	90.8
Mo Salah (Celebrities) #2487	54.2	38.9	20.5	80.5	33.3
Ra (Mythical) #6314	99.5	93.4	17.1	40.3	83.8
Hawking (Scientists) #5117	36.9	78.5	30.1	68.2	48.6
Obama (Politicians) #8853	95.6	55.2	88.9	46.5	48.3
Jon Snow (Fictional) #1684	66.6	33.1	22.4	37.7	96.7
Bill Gates (Tech) #5342	48.2	50.5	18.2	62.8	63.5
Gandhi (Politicians) #9465	76.8	70.5	23.5	35.3	99.3
Ra (Mythical) #8257	94.0	54.3	77.7	77.3	27.9
Ben 10 (Cartoon) #7585	63.9	86.3	61.0	41.8	30.3
Ben 10 (Cartoon) #5709	55.6	86.5	45.1	53.8	38.6
Johnny Depp (Actors) #8004	31.0	49.7	53.7	77.1	45.3
Nelson Mandela (Politicians) #9183	63.2	74.4	78.7	54.0	65.3
Mo Salah (Celebrities) #732	81.1	81.0	40.7	43.9	84.0
Dream (YouTubers) #4346	30.9	75.9	54.0	50.0	77.2
Bill Gates (Tech) #764	47.5	77.6	20.9	56.1	59.7
Messi (Celebrities) #2552	51.9	57.9	19.2	20.3	99.6
Bill Gates (Tech) #1785	88.9	71.8	89.9	81.9	65.1
Elon Musk (Tech) #5485	89.4	50.1	61.2	80.5	71.7
Ra (Mythical) #988	40.1	68.5	60.3	26.2	62.2
Batman (Cartoon) #3792	60.0	56.3	33.4	39.4	81.7
Elsa (Cartoon) #4935	96.6	71.6	22.3	88.8	46.1
Marie Curie (Scientists) #8721	84.7	44.5	21.6	21.7	93.6
Meryl Streep (Actors) #3655	88.0	99.1	84.5	32.6	83.6
Mohamed Ramadan (Arab Public) #8174	63.5	68.0	80.4	87.8	41.3
Markiplier (YouTubers) #5935	52.6	99.5	84.2	59.1	83.4
Elsa (Cartoon) #8409	93.3	74.5	77.7	62.7	64.7
Athena (Mythical) #8893	99.2	88.3	77.7	35.0	94.3
Logan Paul (YouTubers) #4649	39.6	51.6	33.1	83.7	29.8
Yousra (Arab Public) #6620	76.6	89.9	80.6	38.1	26.9
Denzel Washington (Actors) #3045	89.7	80.9	51.3	34.1	43.3
Zeus (Mythical) #6474	87.5	41.6	70.9	75.5	71.6
Gandhi (Politicians) #2373	94.4	83.4	13.4	37.4	46.1
Dora (Cartoon) #5732	75.7	46.2	18.8	75.2	57.5
Joe Biden (Politicians) #7335	94.6	88.3	20.4	88.1	36.5
Adele (Celebrities) #6425	57.0	86.0	77.6	83.1	73.6
Ada Lovelace (Scientists) #9317	80.2	72.4	67.0	55.3	28.4
Spock (Fictional) #9160	59.1	64.2	10.5	36.3	55.9
Tom Hanks (Actors) #9116	49.6	36.5	47.6	83.4	37.1
Elon Musk (Tech) #6415	70.8	47.0	45.2	77.2	86.9
Nelson Mandela (Politicians) #4133	66.2	34.6	68.4	58.2	35.1
Tom (Cartoon) #2664	71.9	83.9	13.6	90.4	97.1
Newton (Scientists) #6574	38.0	53.6	35.9	84.3	82.4
Yousra (Arab Public) #4649	88.5	75.5	16.7	74.9	25.9
Churchill (Politicians) #8448	48.7	72.2	75.3	21.6	87.1
Zeus (Mythical) #9630	77.9	68.4	67.8	51.9	73.5
PewDiePie (YouTubers) #5098	75.7	50.0	46.9	37.6	95.9
Thor (Mythical) #9904	42.3	97.3	69.8	56.0	67.3
Obama (Politicians) #209	61.8	44.2	62.1	40.8	82.5
Newton (Scientists) #9956	32.8	37.3	24.0	30.5	26.3
Mohamed Ramadan (Arab Public) #2807	88.8	85.2	34.8	34.3	53.1
Dina El Sherbiny (Arab Public) #9311	84.8	63.6	60.3	30.1	54.0
Jerry (Cartoon) #7157	30.0	76.6	25.8	80.5	95.3
Lilly Singh (YouTubers) #3033	96.0	72.9	14.0	96.8	26.6
Gandalf (Fictional) #486	85.1	87.8	73.5	69.5	92.2
Markiplier (YouTubers) #7177	53.6	99.8	21.3	31.2	83.9
Logan Paul (YouTubers) #9366	50.8	96.7	24.7	50.2	46.0
Churchill (Politicians) #2443	58.4	69.8	10.3	55.6	78.8
Ra (Mythical) #7539	79.2	40.1	13.8	81.7	72.1
Joe Biden (Politicians) #5979	91.5	53.9	23.0	34.6	47.0
Dora (Cartoon) #6010	55.0	49.0	64.5	88.8	57.8
Will Smith (Celebrities) #7470	91.9	41.8	86.5	84.4	80.9
Bill Gates (Tech) #3976	99.0	97.8	86.4	72.5	74.4
Tom Hanks (Actors) #8508	49.5	76.1	69.2	27.2	46.5
Zeus (Mythical) #808	67.8	93.1	13.8	69.6	85.5
Lilly Singh (YouTubers) #9731	82.8	44.6	78.5	52.7	80.3
Ada Lovelace (Scientists) #6833	91.1	42.5	11.8	32.2	55.7
Einstein (Scientists) #187	56.2	75.6	77.5	35.6	32.9
Marie Curie (Scientists) #9429	47.1	45.4	19.0	79.9	99.1
Jerry (Cartoon) #8076	46.1	55.9	40.5	72.7	72.4
Dora (Cartoon) #4510	46.8	34.6	54.6	58.2	81.5
Anubis (Mythical) #6256	50.1	75.3	71.6	62.1	88.7
KSI (YouTubers) #1536	32.4	47.7	27.2	30.0	37.8
Rick (Cartoon) #9472	89.3	48.2	44.6	45.6	92.7
Galileo (Scientists) #5470	64.9	92.3	75.8	91.4	73.3
Harry Potter (Fictional) #4456	95.9	59.1	54.8	62.1	72.3
Harry Potter (Fictional) #4259	84.0	61.0	62.7	65.0	92.0
Hawking (Scientists) #7401	68.0	40.9	14.5	54.8	80.2
Sherlock Holmes (Fictional) #8584	56.5	92.1	65.2	51.0	39.7
Mo Salah (Celebrities) #8476	94.4	74.2	65.1	67.8	88.0
Nelson Mandela (Politicians) #5506	86.1	49.8	83.3	85.9	48.9
Joe Biden (Politicians) #7149	68.1	35.3	81.6	20.0	95.8
Brad Pitt (Actors) #8569	30.2	40.0	26.7	86.1	53.3
Jon Snow (Fictional) #7888	85.5	43.8	21.0	65.8	33.7
Sherlock Holmes (Fictional) #3199	60.4	88.8	44.3	65.5	92.9
Gandhi (Politicians) #7011	31.9	57.5	84.6	35.6	53.0
Elsa (Cartoon) #7614	32.5	70.1	80.1	78.5	62.4
Batman (Cartoon) #287	40.2	70.9	28.4	74.2	82.9
Churchill (Politicians) #5430	65.9	32.6	38.7	34.8	30.8
Messi (Celebrities) #538	93.0	83.3	79.1	46.0	94.6
Emma Watson (Celebrities) #6181	83.1	79.2	68.7	77.9	71.4
Zeus (Mythical) #412	48.4	71.8	24.6	49.1	56.2
Obama (Politicians) #7320	73.0	58.7	67.0	90.3	48.6
Tom Hanks (Actors) #993	99.9	72.8	69.9	65.1	56.2
Batman (Cartoon) #608	63.2	40.6	41.6	29.9	78.5
Yousra (Arab Public) #1785	78.4	65.0	84.7	94.6	68.1
Spock (Fictional) #100	54.6	54.6	13.4	94.5	90.7
Taylor Swift (Celebrities) #3705	43.9	64.3	42.6	43.3	52.1
Batman (Cartoon) #205	73.5	38.3	58.9	91.1	40.1
Dracula (Fictional) #1580	35.3	33.8	46.9	24.6	29.0
Logan Paul (YouTubers) #9716	57.3	33.9	40.4	75.7	39.1
Emma Watson (Celebrities) #4696	33.1	60.1	26.4	31.4	48.6
Bill Gates (Tech) #8800	84.7	98.5	37.5	79.2	55.5
Ada Lovelace (Scientists) #6082	43.4	65.8	67.9	46.9	60.8
Adele (Celebrities) #1558	92.3	58.3	26.1	47.7	65.0
Tom (Cartoon) #6364	30.2	91.5	58.8	58.5	87.1
Jerry (Cartoon) #9521	31.4	36.1	79.7	26.4	75.2
Gandalf (Fictional) #6599	36.7	48.5	15.3	56.2	47.0
Harry Potter (Fictional) #8263	71.2	72.2	64.3	71.1	34.4
Bill Gates (Tech) #9969	80.4	43.1	28.4	23.7	34.7
Dracula (Fictional) #5440	85.2	47.4	45.8	77.7	92.4
Lilly Singh (YouTubers) #8607	64.6	51.6	89.9	20.6	60.2
Marie Curie (Scientists) #7702	58.6	71.5	67.6	97.7	52.8
Logan Paul (YouTubers) #2447	42.9	80.8	37.0	82.9	72.0
Messi (Celebrities) #4741	72.4	98.7	75.2	44.5	56.9
Hercules (Mythical) #3054	45.4	31.7	17.2	92.0	58.9
Mohamed Ramadan (Arab Public) #9948	80.8	37.0	78.9	64.7	32.0
Asser Yassin (Arab Public) #5610	36.3	77.7	37.0	75.2	99.0
Anubis (Mythical) #994	72.2	32.1	39.2	65.2	34.0
Bill Gates (Tech) #5209	39.2	63.2	68.0	27.0	41.8
Galileo (Scientists) #1905	41.3	63.5	85.8	88.4	88.6
Obama (Politicians) #4413	41.7	70.1	19.0	36.7	30.8
Ada Lovelace (Scientists) #7878	31.2	65.7	32.9	69.5	94.8
Ra (Mythical) #7585	36.1	32.0	68.5	31.1	40.5
Zeus (Mythical) #8086	56.0	42.5	83.7	91.6	71.1
Yousra (Arab Public) #4705	95.1	58.7	87.2	59.1	90.8
Steve Jobs (Tech) #4760	39.5	83.4	12.2	56.8	66.8
Daenerys (Fictional) #1510	60.0	91.8	47.6	40.1	45.7
Meryl Streep (Actors) #3991	64.9	68.6	18.8	60.4	29.3
Meryl Streep (Actors) #3700	37.5	95.6	24.7	23.5	94.8
Athena (Mythical) #6035	83.5	77.2	31.7	87.1	42.3
Harry Potter (Fictional) #3476	74.5	78.3	81.4	93.1	82.0
Hawking (Scientists) #73	72.1	98.7	46.8	37.1	29.7
Gandhi (Politicians) #3821	42.0	31.0	61.8	83.7	40.6
Ra (Mythical) #4492	78.8	84.0	27.2	46.8	47.8
Dora (Cartoon) #9187	81.6	48.5	66.4	39.1	36.0
Jerry (Cartoon) #2729	43.9	91.6	37.6	59.8	35.4
Einstein (Scientists) #6612	48.9	88.6	20.1	40.9	38.0
Zendaya (Celebrities) #235	57.9	98.3	61.7	84.6	97.8
Asser Yassin (Arab Public) #2992	84.5	81.1	66.6	81.1	49.4
SpongeBob (Cartoon) #592	57.1	55.3	14.0	36.8	65.9
Obama (Politicians) #6649	47.2	97.3	73.1	84.2	40.9
Elon Musk (Tech) #9073	93.9	49.6	65.2	60.5	84.7
Adele (Celebrities) #1785	80.7	61.1	12.9	51.9	67.4
Ada Lovelace (Scientists) #7947	92.5	68.6	68.9	82.0	83.7
Athena (Mythical) #6157	77.2	97.4	17.9	39.7	54.3
MrBeast (YouTubers) #5974	55.5	43.7	16.3	47.1	62.4
Mohamed Ramadan (Arab Public) #3501	88.8	73.7	75.1	82.7	89.3
Ada Lovelace (Scientists) #546	64.0	47.4	88.3	73.3	58.0
Logan Paul (YouTubers) #5856	52.5	88.3	21.2	68.5	54.6
Messi (Celebrities) #9825	43.3	37.3	16.8	98.7	53.5
Marie Curie (Scientists) #7626	75.0	63.3	10.3	40.0	66.0
Marie Curie (Scientists) #7843	95.9	59.3	20.2	33.4	56.3
Rick (Cartoon) #8959	46.6	62.0	33.7	71.5	62.6
Harry Potter (Fictional) #233	96.6	43.1	39.8	72.8	56.9
Zeus (Mythical) #6127	55.1	86.3	39.2	37.1	93.9
Ra (Mythical) #4065	90.7	54.8	46.3	78.7	96.2
Naruto (Cartoon) #3818	59.3	81.7	13.1	79.9	31.4
Tom (Cartoon) #3304	52.9	59.6	28.0	21.2	79.6
Messi (Celebrities) #7779	37.7	63.7	45.4	49.5	92.0
Newton (Scientists) #6040	70.7	85.8	50.4	95.8	72.8
Obama (Politicians) #2907	43.0	92.8	34.5	20.7	79.2
Anubis (Mythical) #1635	37.2	98.4	26.4	43.3	34.5
Nelson Mandela (Politicians) #8994	73.4	44.3	75.2	38.0	84.9
Ada Lovelace (Scientists) #4145	82.7	73.6	41.0	30.7	57.8
Bill Gates (Tech) #1656	60.4	31.0	76.0	86.7	52.8
Zuckerberg (Tech) #7710	33.2	94.0	33.4	98.3	25.1
Batman (Cartoon) #9598	33.6	76.3	21.7	92.2	84.1
Emma Watson (Celebrities) #2400	88.7	42.1	18.5	73.5	83.1
Amr Diab (Arab Public) #8482	94.5	52.1	17.0	79.0	65.9
